,Network_zones,Network_Lines,z1,z2,z3,z4,z5,z6,z7,z8,z9,z10,z11,z12,z13,z14,z15,z16,z17,z18,z19,z20,z21,z22,z23,z24,z25,z26,z27,z28,z29,z30,z31,z32,z33,z34,z35,z36,z37,z38,z39,z40,z41,z42,z43,z44,z45,z46,z47,z48,z49,z50,z51,z52,z53,z54,z55,z56,z57,z58,z59,z60,z61,z62,z63,z64,z65,z66,z67,z68,z69,z70,z71,z72,z73,z74,z75,z76,z77,z78,z79,z80,z81,z82,z83,z84,Line_Max_Flow_MW,transmission_path_name,Line_Loss_Percentage,Line_Max_Reinforcement_MW,Line_Reinforcement_Cost_per_MWyr,DerateCapRes_1,CapRes_1,CapRes_Excl_1,Angle_Limit_Deg,Line_Voltage_kV,distance_mile,Line_Reactance_ohms,Line_Resistance_ohms,Line_Impedance_ohms
AREA_1,z1,1,1,-1,0,0,0,0,0,0,0,0,0,0,0,0,0,0,0,0,0,0,0,0,0,0,0,0,0,0,0,0,0,0,0,0,0,0,0,0,0,0,0,0,0,0,0,0,0,0,0,0,0,0,0,0,0,0,0,0,0,0,0,0,0,0,0,0,0,0,0,0,0,0,0,0,0,0,0,0,0,0,0,0,0,0,2168,AREA_1_to_AREA_2,0.012305837,10000,12060,0.95,0,0,60,69,50,61.156,6.1156,11.59927584
AREA_2,z2,2,1,0,-1,0,0,0,0,0,0,0,0,0,0,0,0,0,0,0,0,0,0,0,0,0,0,0,0,0,0,0,0,0,0,0,0,0,0,0,0,0,0,0,0,0,0,0,0,0,0,0,0,0,0,0,0,0,0,0,0,0,0,0,0,0,0,0,0,0,0,0,0,0,0,0,0,0,0,0,0,0,0,0,0,0,3252,AREA_1_to_AREA_3,0.012305837,10000,12060,0.95,0,0,60,69,50,41.867,4.1867,9.597260026
AREA_3,z3,3,1,0,0,-1,0,0,0,0,0,0,0,0,0,0,0,0,0,0,0,0,0,0,0,0,0,0,0,0,0,0,0,0,0,0,0,0,0,0,0,0,0,0,0,0,0,0,0,0,0,0,0,0,0,0,0,0,0,0,0,0,0,0,0,0,0,0,0,0,0,0,0,0,0,0,0,0,0,0,0,0,0,0,0,0,2168,AREA_1_to_AREA_4,0.012305837,10000,12060,0.95,0,0,60,69,50,78.24,7.824,13.1197561
AREA_4,z4,4,1,0,0,0,-1,0,0,0,0,0,0,0,0,0,0,0,0,0,0,0,0,0,0,0,0,0,0,0,0,0,0,0,0,0,0,0,0,0,0,0,0,0,0,0,0,0,0,0,0,0,0,0,0,0,0,0,0,0,0,0,0,0,0,0,0,0,0,0,0,0,0,0,0,0,0,0,0,0,0,0,0,0,0,0,2168,AREA_1_to_AREA_5,0.012305837,10000,12060,0.95,0,0,60,69,50,58.096,5.8096,11.30536156
AREA_5,z5,5,0,1,0,0,-1,0,0,0,0,0,0,0,0,0,0,0,0,0,0,0,0,0,0,0,0,0,0,0,0,0,0,0,0,0,0,0,0,0,0,0,0,0,0,0,0,0,0,0,0,0,0,0,0,0,0,0,0,0,0,0,0,0,0,0,0,0,0,0,0,0,0,0,0,0,0,0,0,0,0,0,0,0,0,0,6504,AREA_2_to_AREA_6,0.012305837,10000,12060,0.95,0,0,60,69,50,14.625,1.4625,5.67230112
AREA_7,z6,6,0,1,0,0,0,-1,0,0,0,0,0,0,0,0,0,0,0,0,0,0,0,0,0,0,0,0,0,0,0,0,0,0,0,0,0,0,0,0,0,0,0,0,0,0,0,0,0,0,0,0,0,0,0,0,0,0,0,0,0,0,0,0,0,0,0,0,0,0,0,0,0,0,0,0,0,0,0,0,0,0,0,0,0,0,2168,AREA_2_to_AREA_7,0.012305837,10000,12060,0.95,0,0,60,69,50,61.718,6.1718,11.65245039
AREA_6,z7,7,0,0,1,-1,0,0,0,0,0,0,0,0,0,0,0,0,0,0,0,0,0,0,0,0,0,0,0,0,0,0,0,0,0,0,0,0,0,0,0,0,0,0,0,0,0,0,0,0,0,0,0,0,0,0,0,0,0,0,0,0,0,0,0,0,0,0,0,0,0,0,0,0,0,0,0,0,0,0,0,0,0,0,0,0,2168,AREA_3_to_AREA_4,0.012305837,10000,12060,0.95,0,0,60,69,50,43.617,4.3617,9.795784808
AREA_8,z8,8,0,0,0,1,-1,0,0,0,0,0,0,0,0,0,0,0,0,0,0,0,0,0,0,0,0,0,0,0,0,0,0,0,0,0,0,0,0,0,0,0,0,0,0,0,0,0,0,0,0,0,0,0,0,0,0,0,0,0,0,0,0,0,0,0,0,0,0,0,0,0,0,0,0,0,0,0,0,0,0,0,0,0,0,0,6504,AREA_4_to_AREA_5,0.012305837,10000,12060,0.95,0,0,60,69,50,24.636,2.4636,7.362010595
AUSTIN_10_1,z9,9,0,0,0,1,0,0,-1,0,0,0,0,0,0,0,0,0,0,0,0,0,0,0,0,0,0,0,0,0,0,0,0,0,0,0,0,0,0,0,0,0,0,0,0,0,0,0,0,0,0,0,0,0,0,0,0,0,0,0,0,0,0,0,0,0,0,0,0,0,0,0,0,0,0,0,0,0,0,0,0,0,0,0,0,0,2168,AREA_4_to_AREA_6,0.012305837,10000,12060,0.95,0,0,60,69,50,59.374,5.9374,11.4290332
AUSTIN_35_1,z10,10,0,0,0,1,0,0,0,-1,0,0,0,0,0,0,0,0,0,0,0,0,0,0,0,0,0,0,0,0,0,0,0,0,0,0,0,0,0,0,0,0,0,0,0,0,0,0,0,0,0,0,0,0,0,0,0,0,0,0,0,0,0,0,0,0,0,0,0,0,0,0,0,0,0,0,0,0,0,0,0,0,0,0,0,0,2168,AREA_4_to_AREA_8,0.012305837,10000,12060,0.95,0,0,60,69,50,63.445,6.3445,11.81435567
AUSTIN_11_1,z11,11,0,0,0,0,1,0,-1,0,0,0,0,0,0,0,0,0,0,0,0,0,0,0,0,0,0,0,0,0,0,0,0,0,0,0,0,0,0,0,0,0,0,0,0,0,0,0,0,0,0,0,0,0,0,0,0,0,0,0,0,0,0,0,0,0,0,0,0,0,0,0,0,0,0,0,0,0,0,0,0,0,0,0,0,0,2168,AREA_5_to_AREA_7,0.012305837,10000,12060,0.95,0,0,60,69,50,42.079,4.2079,9.621527945
AUSTIN_60_1,z12,12,0,0,0,0,1,-1,0,0,0,0,0,0,0,0,0,0,0,0,0,0,0,0,0,0,0,0,0,0,0,0,0,0,0,0,0,0,0,0,0,0,0,0,0,0,0,0,0,0,0,0,0,0,0,0,0,0,0,0,0,0,0,0,0,0,0,0,0,0,0,0,0,0,0,0,0,0,0,0,0,0,0,0,0,0,2168,AREA_5_to_AREA_6,0.012305837,10000,12060,0.95,0,0,60,69,50,49.331,4.9331,10.41768688
AUSTIN_15_1,z13,13,0,0,0,0,0,-1,1,0,0,0,0,0,0,0,0,0,0,0,0,0,0,0,0,0,0,0,0,0,0,0,0,0,0,0,0,0,0,0,0,0,0,0,0,0,0,0,0,0,0,0,0,0,0,0,0,0,0,0,0,0,0,0,0,0,0,0,0,0,0,0,0,0,0,0,0,0,0,0,0,0,0,0,0,0,2168,AREA_6_to_AREA_7,0.012305837,10000,12060,0.95,0,0,60,69,50,59.05,5.905,11.39780681
AUSTIN_27_2,z14,14,0,0,0,0,0,0,0,0,1,-1,0,0,0,0,0,0,0,0,0,0,0,0,0,0,0,0,0,0,0,0,0,0,0,0,0,0,0,0,0,0,0,0,0,0,0,0,0,0,0,0,0,0,0,0,0,0,0,0,0,0,0,0,0,0,0,0,0,0,0,0,0,0,0,0,0,0,0,0,0,0,0,0,0,0,129.9,AUSTIN_10_1_to_AUSTIN_35_1,0.012305837,10000,12060,0.95,0,0,60,69,1.888827692,0.01956,0.00692,0.329432552
AUSTIN_12_2,z15,15,0,0,0,0,0,0,0,0,0,0,1,-1,0,0,0,0,0,0,0,0,0,0,0,0,0,0,0,0,0,0,0,0,0,0,0,0,0,0,0,0,0,0,0,0,0,0,0,0,0,0,0,0,0,0,0,0,0,0,0,0,0,0,0,0,0,0,0,0,0,0,0,0,0,0,0,0,0,0,0,0,0,0,0,0,116.5,AUSTIN_11_1_to_AUSTIN_60_1,0.012305837,10000,12060,0.95,0,0,60,69,0.966576723,0.01736,0.00645,0.31804878
AUSTIN_55_1,z16,16,0,0,0,0,0,0,0,0,0,0,1,0,-1,0,0,0,0,0,0,0,0,0,0,0,0,0,0,0,0,0,0,0,0,0,0,0,0,0,0,0,0,0,0,0,0,0,0,0,0,0,0,0,0,0,0,0,0,0,0,0,0,0,0,0,0,0,0,0,0,0,0,0,0,0,0,0,0,0,0,0,0,0,0,0,142.9,AUSTIN_11_1_to_AUSTIN_15_1,0.012305837,10000,12060,0.95,0,0,60,69,1.301582652,0.01301,0.00413,0.203649839
AUSTIN_48_1,z17,17,0,0,0,0,0,0,0,0,0,0,1,0,0,-1,0,0,0,0,0,0,0,0,0,0,0,0,0,0,0,0,0,0,0,0,0,0,0,0,0,0,0,0,0,0,0,0,0,0,0,0,0,0,0,0,0,0,0,0,0,0,0,0,0,0,0,0,0,0,0,0,0,0,0,0,0,0,0,0,0,0,0,0,0,0,152.8,AUSTIN_11_1_to_AUSTIN_27_2,0.012305837,10000,12060,0.95,0,0,60,69,1.9557828,0.01278,0.00371,0.182939686
AUSTIN_13_1,z18,18,0,0,0,0,0,0,0,0,0,0,0,0,0,0,1,-1,0,0,0,0,0,0,0,0,0,0,0,0,0,0,0,0,0,0,0,0,0,0,0,0,0,0,0,0,0,0,0,0,0,0,0,0,0,0,0,0,0,0,0,0,0,0,0,0,0,0,0,0,0,0,0,0,0,0,0,0,0,0,0,0,0,0,0,0,122,AUSTIN_12_2_to_AUSTIN_55_1,0.012305837,10000,12060,0.95,0,0,60,69,1.309807222,0.00802,0.0037,0.18331541
AUSTIN_12_1,z19,19,0,0,0,0,0,0,0,0,0,0,0,0,0,0,1,0,-1,0,0,0,0,0,0,0,0,0,0,0,0,0,0,0,0,0,0,0,0,0,0,0,0,0,0,0,0,0,0,0,0,0,0,0,0,0,0,0,0,0,0,0,0,0,0,0,0,0,0,0,0,0,0,0,0,0,0,0,0,0,0,0,0,0,0,0,120.4,AUSTIN_12_2_to_AUSTIN_48_1,0.012305837,10000,12060,0.95,0,0,60,69,3.601413071,0.03577,0.01394,0.690653194
AUSTIN_13_2,z20,20,0,0,0,0,0,0,0,0,0,0,0,0,0,0,0,0,0,1,-1,0,0,0,0,0,0,0,0,0,0,0,0,0,0,0,0,0,0,0,0,0,0,0,0,0,0,0,0,0,0,0,0,0,0,0,0,0,0,0,0,0,0,0,0,0,0,0,0,0,0,0,0,0,0,0,0,0,0,0,0,0,0,0,0,0,289,AUSTIN_13_1_to_AUSTIN_12_1,0.012305837,10000,12060,0.95,0,0,60,69,2.399920645,0.00976,0.00159,0.310492442
AUSTIN_14_1,z21,21,0,0,0,0,0,0,0,0,0,0,0,0,0,0,0,0,-1,0,0,1,0,0,0,0,0,0,0,0,0,0,0,0,0,0,0,0,0,0,0,0,0,0,0,0,0,0,0,0,0,0,0,0,0,0,0,0,0,0,0,0,0,0,0,0,0,0,0,0,0,0,0,0,0,0,0,0,0,0,0,0,0,0,0,0,131.9,AUSTIN_13_2_to_AUSTIN_48_1,0.012305837,10000,12060,0.95,0,0,60,69,1.991891172,0.01855,0.00713,0.348063582
AUSTIN_26_2,z22,22,0,0,0,0,0,0,0,0,0,0,0,0,0,-1,0,0,0,0,0,0,1,0,0,0,0,0,0,0,0,0,0,0,0,0,0,0,0,0,0,0,0,0,0,0,0,0,0,0,0,0,0,0,0,0,0,0,0,0,0,0,0,0,0,0,0,0,0,0,0,0,0,0,0,0,0,0,0,0,0,0,0,0,0,0,137.9,AUSTIN_14_1_to_AUSTIN_27_2,0.012305837,10000,12060,0.95,0,0,60,69,4.127946522,0.05564,0.02048,1.026182717
AUSTIN_28_1,z23,23,0,0,0,0,0,0,0,0,0,0,0,0,1,0,0,0,0,0,0,0,0,-1,0,0,0,0,0,0,0,0,0,0,0,0,0,0,0,0,0,0,0,0,0,0,0,0,0,0,0,0,0,0,0,0,0,0,0,0,0,0,0,0,0,0,0,0,0,0,0,0,0,0,0,0,0,0,0,0,0,0,0,0,0,0,148.2,AUSTIN_15_1_to_AUSTIN_26_2,0.012305837,10000,12060,0.95,0,0,60,69,2.159540962,0.0153,0.0074,0.362299622
AUSTIN_16_1,z24,24,0,0,0,0,-1,0,0,0,0,0,0,0,1,0,0,0,0,0,0,0,0,0,0,0,0,0,0,0,0,0,0,0,0,0,0,0,0,0,0,0,0,0,0,0,0,0,0,0,0,0,0,0,0,0,0,0,0,0,0,0,0,0,0,0,0,0,0,0,0,0,0,0,0,0,0,0,0,0,0,0,0,0,0,0,97.6,AUSTIN_15_1_to_AREA_5,0.012305837,10000,12060,0.95,0,0,60,69,0.5,0.01969,0.00746,0.1
AUSTIN_29_1,z25,25,0,0,0,0,0,0,0,0,0,0,0,0,1,0,0,0,0,0,0,0,0,0,-1,0,0,0,0,0,0,0,0,0,0,0,0,0,0,0,0,0,0,0,0,0,0,0,0,0,0,0,0,0,0,0,0,0,0,0,0,0,0,0,0,0,0,0,0,0,0,0,0,0,0,0,0,0,0,0,0,0,0,0,0,0,141.7,AUSTIN_15_1_to_AUSTIN_28_1,0.012305837,10000,12060,0.95,0,0,60,69,4.128721327,0.02596,0.01009,0.494000431
AUSTIN_56_1,z26,26,0,0,0,0,0,0,0,0,0,0,0,0,0,0,0,0,0,0,0,0,0,0,0,1,-1,0,0,0,0,0,0,0,0,0,0,0,0,0,0,0,0,0,0,0,0,0,0,0,0,0,0,0,0,0,0,0,0,0,0,0,0,0,0,0,0,0,0,0,0,0,0,0,0,0,0,0,0,0,0,0,0,0,0,0,309.2,AUSTIN_16_1_to_AUSTIN_29_1,0.012305837,10000,12060,0.95,0,0,60,69,2.423156081,0.01254,0.00234,0.456938062
AUSTIN_18_1,z27,27,0,0,0,0,0,0,0,0,0,0,0,0,0,0,0,0,0,0,0,0,0,0,0,1,0,-1,0,0,0,0,0,0,0,0,0,0,0,0,0,0,0,0,0,0,0,0,0,0,0,0,0,0,0,0,0,0,0,0,0,0,0,0,0,0,0,0,0,0,0,0,0,0,0,0,0,0,0,0,0,0,0,0,0,0,301,AUSTIN_16_1_to_AUSTIN_56_1,0.012305837,10000,12060,0.95,0,0,60,69,3.059580226,0.0121,0.00207,0.404214439
AUSTIN_6_1,z28,28,0,0,0,0,0,0,0,0,0,0,0,0,0,0,0,0,0,0,0,0,0,0,0,0,0,0,1,-1,0,0,0,0,0,0,0,0,0,0,0,0,0,0,0,0,0,0,0,0,0,0,0,0,0,0,0,0,0,0,0,0,0,0,0,0,0,0,0,0,0,0,0,0,0,0,0,0,0,0,0,0,0,0,0,0,136.5,AUSTIN_18_1_to_AUSTIN_6_1,0.012305837,10000,12060,0.95,0,0,60,69,1.115267646,0.02195,0.0089,0.438883006
AUSTIN_19_1,z29,29,0,0,0,0,0,0,0,0,0,0,0,0,0,0,0,0,0,0,0,0,0,0,0,0,0,0,0,0,1,-1,0,0,0,0,0,0,0,0,0,0,0,0,0,0,0,0,0,0,0,0,0,0,0,0,0,0,0,0,0,0,0,0,0,0,0,0,0,0,0,0,0,0,0,0,0,0,0,0,0,0,0,0,0,0,119.7,AUSTIN_19_1_to_AUSTIN_4_1,0.012305837,10000,12060,0.95,0,0,60,69,1.659876095,0.01023,0.00468,0.238230458
AUSTIN_4_1,z30,30,0,0,0,0,0,0,0,0,0,0,0,0,0,0,0,0,0,0,0,0,0,0,0,0,0,0,0,0,1,0,-1,0,0,0,0,0,0,0,0,0,0,0,0,0,0,0,0,0,0,0,0,0,0,0,0,0,0,0,0,0,0,0,0,0,0,0,0,0,0,0,0,0,0,0,0,0,0,0,0,0,0,0,0,0,113.2,AUSTIN_19_1_to_AUSTIN_17_1,0.012305837,10000,12060,0.95,0,0,60,69,1.758477253,0.02456,0.01089,0.554343951
AUSTIN_17_1,z31,31,0,0,0,0,0,0,0,0,0,0,0,0,0,0,0,0,0,0,0,0,0,0,0,0,0,0,0,0,0,0,0,1,-1,0,0,0,0,0,0,0,0,0,0,0,0,0,0,0,0,0,0,0,0,0,0,0,0,0,0,0,0,0,0,0,0,0,0,0,0,0,0,0,0,0,0,0,0,0,0,0,0,0,0,0,109.2,AUSTIN_2_1_to_AUSTIN_25_2,0.012305837,10000,12060,0.95,0,0,60,69,1.491467772,0.01728,0.00529,0.255431995
AUSTIN_2_1,z32,32,0,0,0,0,0,0,0,0,0,0,0,0,0,0,0,0,0,0,0,0,0,0,0,0,0,0,-1,0,0,0,0,1,0,0,0,0,0,0,0,0,0,0,0,0,0,0,0,0,0,0,0,0,0,0,0,0,0,0,0,0,0,0,0,0,0,0,0,0,0,0,0,0,0,0,0,0,0,0,0,0,0,0,0,0,127.6,AUSTIN_2_1_to_AUSTIN_18_1,0.012305837,10000,12060,0.95,0,0,60,69,3.208090293,0.03581,0.01837,0.88701054
AUSTIN_25_2,z33,33,0,0,0,0,0,0,0,0,0,0,0,0,-1,0,0,0,0,0,0,0,0,0,0,0,0,0,0,0,0,0,0,0,0,1,0,0,0,0,0,0,0,0,0,0,0,0,0,0,0,0,0,0,0,0,0,0,0,0,0,0,0,0,0,0,0,0,0,0,0,0,0,0,0,0,0,0,0,0,0,0,0,0,0,0,129.5,AUSTIN_20_1_to_AUSTIN_15_1,0.012305837,10000,12060,0.95,0,0,60,69,1.935005115,0.02211,0.00676,0.332670605
AUSTIN_20_1,z34,34,0,0,0,0,0,0,0,0,-1,0,0,0,0,0,0,0,0,0,0,0,0,0,0,0,0,0,0,0,0,0,0,0,0,0,1,0,0,0,0,0,0,0,0,0,0,0,0,0,0,0,0,0,0,0,0,0,0,0,0,0,0,0,0,0,0,0,0,0,0,0,0,0,0,0,0,0,0,0,0,0,0,0,0,0,110.2,AUSTIN_21_1_to_AUSTIN_10_1,0.012305837,10000,12060,0.95,0,0,60,69,1.545579074,0.0232,0.01044,0.498894232
AUSTIN_21_1,z35,35,0,0,0,0,0,0,0,0,0,0,0,0,0,0,0,0,0,0,0,0,0,0,0,0,0,0,0,0,0,0,0,0,0,0,1,-1,0,0,0,0,0,0,0,0,0,0,0,0,0,0,0,0,0,0,0,0,0,0,0,0,0,0,0,0,0,0,0,0,0,0,0,0,0,0,0,0,0,0,0,0,0,0,0,0,116.2,AUSTIN_21_1_to_AUSTIN_16_2,0.012305837,10000,12060,0.95,0,0,60,69,1.536766301,0.01152,0.00451,0.215518485
AUSTIN_16_2,z36,36,0,0,0,0,0,0,0,0,0,0,0,0,0,0,0,0,0,0,0,0,0,0,0,0,0,0,0,0,0,0,0,0,0,0,0,0,1,-1,0,0,0,0,0,0,0,0,0,0,0,0,0,0,0,0,0,0,0,0,0,0,0,0,0,0,0,0,0,0,0,0,0,0,0,0,0,0,0,0,0,0,0,0,0,0,106,AUSTIN_22_1_to_AUSTIN_49_1,0.012305837,10000,12060,0.95,0,0,60,69,3.474581869,0.05119,0.02664,1.3059195
AUSTIN_22_1,z37,37,0,0,0,0,0,0,0,0,0,0,0,0,0,0,0,0,0,0,0,0,0,0,0,0,0,0,0,0,0,0,0,0,0,0,0,0,0,0,1,-1,0,0,0,0,0,0,0,0,0,0,0,0,0,0,0,0,0,0,0,0,0,0,0,0,0,0,0,0,0,0,0,0,0,0,0,0,0,0,0,0,0,0,0,0,116.3,AUSTIN_23_1_to_AUSTIN_47_1,0.012305837,10000,12060,0.95,0,0,60,69,3.939537704,0.01583,0.00593,0.28523988
AUSTIN_49_1,z38,38,0,0,0,0,0,0,0,0,0,0,0,0,0,0,0,0,0,0,0,-1,0,0,0,0,0,0,0,0,0,0,0,0,0,0,0,0,0,0,1,0,0,0,0,0,0,0,0,0,0,0,0,0,0,0,0,0,0,0,0,0,0,0,0,0,0,0,0,0,0,0,0,0,0,0,0,0,0,0,0,0,0,0,0,0,107.9,AUSTIN_23_1_to_AUSTIN_13_2,0.012305837,10000,12060,0.95,0,0,60,69,2.650772416,0.03669,0.01731,0.832631084
AUSTIN_23_1,z39,39,0,0,0,0,0,0,0,0,0,0,0,0,0,0,0,0,0,0,0,0,0,0,0,0,0,0,0,-1,0,0,0,0,0,0,0,0,0,0,0,0,1,0,0,0,0,0,0,0,0,0,0,0,0,0,0,0,0,0,0,0,0,0,0,0,0,0,0,0,0,0,0,0,0,0,0,0,0,0,0,0,0,0,0,0,132.4,AUSTIN_24_1_to_AUSTIN_6_1,0.012305837,10000,12060,0.95,0,0,60,69,1.140252794,0.01459,0.00546,0.262670204
AUSTIN_47_1,z40,40,0,0,0,0,0,0,0,0,0,0,0,0,0,0,0,0,0,0,0,0,0,0,0,0,0,0,0,0,0,0,0,0,-1,0,0,0,0,0,0,0,1,0,0,0,0,0,0,0,0,0,0,0,0,0,0,0,0,0,0,0,0,0,0,0,0,0,0,0,0,0,0,0,0,0,0,0,0,0,0,0,0,0,0,0,123,AUSTIN_24_1_to_AUSTIN_25_2,0.012305837,10000,12060,0.95,0,0,60,69,0.696816003,0.00983,0.00451,0.216967513
AUSTIN_24_1,z41,41,0,0,0,0,0,0,0,0,0,0,0,0,0,0,0,0,0,0,0,0,0,0,0,0,0,0,0,0,0,0,0,0,0,0,0,0,0,0,0,0,0,1,-1,0,0,0,0,0,0,0,0,0,0,0,0,0,0,0,0,0,0,0,0,0,0,0,0,0,0,0,0,0,0,0,0,0,0,0,0,0,0,0,0,0,280.1,AUSTIN_26_1_to_AUSTIN_54_1,0.012305837,10000,12060,0.95,0,0,60,69,2.856951107,0.00897,0.00161,0.320501935
AUSTIN_26_1,z42,42,0,0,0,0,0,0,0,0,0,0,0,0,0,0,0,0,0,0,0,0,0,1,0,0,0,0,-1,0,0,0,0,0,0,0,0,0,0,0,0,0,0,0,0,0,0,0,0,0,0,0,0,0,0,0,0,0,0,0,0,0,0,0,0,0,0,0,0,0,0,0,0,0,0,0,0,0,0,0,0,0,0,0,0,0,143.8,AUSTIN_26_2_to_AUSTIN_18_1,0.012305837,10000,12060,0.95,0,0,60,69,1.242377245,0.02039,0.00675,0.331799782
AUSTIN_54_1,z43,43,0,0,0,0,0,0,0,0,0,0,0,0,0,0,0,0,0,0,0,0,0,0,1,0,0,0,0,0,0,0,0,0,0,0,0,-1,0,0,0,0,0,0,0,0,0,0,0,0,0,0,0,0,0,0,0,0,0,0,0,0,0,0,0,0,0,0,0,0,0,0,0,0,0,0,0,0,0,0,0,0,0,0,0,0,116.8,AUSTIN_28_1_to_AUSTIN_16_2,0.012305837,10000,12060,0.95,0,0,60,69,2.349715335,0.01153,0.00375,0.180036207
AUSTIN_39_1,z44,44,0,0,0,0,0,0,0,0,0,0,0,0,0,0,0,0,0,0,0,0,0,0,0,0,1,0,0,0,0,0,0,0,0,0,0,0,0,0,0,0,0,0,0,-1,0,0,0,0,0,0,0,0,0,0,0,0,0,0,0,0,0,0,0,0,0,0,0,0,0,0,0,0,0,0,0,0,0,0,0,0,0,0,0,0,300.7,AUSTIN_29_1_to_AUSTIN_39_1,0.012305837,10000,12060,0.95,0,0,60,69,3.063709958,0.01362,0.00282,0.547316615
AUSTIN_42_1,z45,45,0,0,0,0,0,0,0,0,0,0,0,0,0,0,0,0,0,0,0,0,0,0,0,0,1,0,0,0,0,0,0,0,0,0,0,0,0,0,0,0,0,0,0,0,-1,0,0,0,0,0,0,0,0,0,0,0,0,0,0,0,0,0,0,0,0,0,0,0,0,0,0,0,0,0,0,0,0,0,0,0,0,0,0,0,289.8,AUSTIN_29_1_to_AUSTIN_42_1,0.012305837,10000,12060,0.95,0,0,60,69,3.584849435,0.016,0.00252,0.489091443
AUSTIN_29_2,z46,46,0,0,0,0,0,0,0,0,0,0,0,0,0,0,0,0,0,0,0,0,0,0,0,0,0,0,0,0,0,0,0,0,0,0,0,0,0,0,0,-1,0,0,0,0,0,1,0,0,0,0,0,0,0,0,0,0,0,0,0,0,0,0,0,0,0,0,0,0,0,0,0,0,0,0,0,0,0,0,0,0,0,0,0,0,140.3,AUSTIN_29_2_to_AUSTIN_47_1,0.012305837,10000,12060,0.95,0,0,60,69,0.587120984,0.01211,0.00512,0.247187829
AUSTIN_3_1,z47,47,0,0,0,0,0,0,0,0,0,0,0,0,0,0,0,0,0,0,0,0,0,0,0,0,0,0,0,0,0,0,0,0,0,0,0,0,0,0,0,0,0,0,0,0,0,0,1,-1,0,0,0,0,0,0,0,0,0,0,0,0,0,0,0,0,0,0,0,0,0,0,0,0,0,0,0,0,0,0,0,0,0,0,0,0,138.7,AUSTIN_3_1_to_AUSTIN_8_1,0.012305837,10000,12060,0.95,0,0,60,69,1.890189641,0.01222,0.00494,0.250817386
AUSTIN_8_1,z48,48,0,0,0,0,0,0,0,0,0,0,0,0,0,0,0,0,0,0,0,0,0,0,0,0,0,0,0,0,0,0,0,0,0,0,0,0,0,0,0,0,0,0,0,0,0,0,0,0,1,-1,0,0,0,0,0,0,0,0,0,0,0,0,0,0,0,0,0,0,0,0,0,0,0,0,0,0,0,0,0,0,0,0,0,0,135.4,AUSTIN_30_1_to_AUSTIN_57_1,0.012305837,10000,12060,0.95,0,0,60,69,0.659198977,0.01227,0.00464,0.220647947
AUSTIN_30_1,z49,49,0,0,0,0,0,0,0,0,0,0,0,0,0,0,0,0,0,0,0,0,0,0,0,0,0,0,0,0,0,0,0,0,0,0,0,0,0,0,0,0,0,0,0,0,0,0,0,0,1,0,-1,0,0,0,0,0,0,0,0,0,0,0,0,0,0,0,0,0,0,0,0,0,0,0,0,0,0,0,0,0,0,0,0,0,121.4,AUSTIN_30_1_to_AUSTIN_1_1,0.012305837,10000,12060,0.95,0,0,60,69,1.298868419,0.02605,0.00717,0.340958142
AUSTIN_57_1,z50,50,0,0,0,0,0,0,0,0,0,0,0,0,0,0,0,0,0,0,0,0,0,0,0,0,0,0,0,0,0,0,0,0,0,0,0,0,0,0,0,0,0,0,0,0,0,0,0,0,0,0,0,1,-1,0,0,0,0,0,0,0,0,0,0,0,0,0,0,0,0,0,0,0,0,0,0,0,0,0,0,0,0,0,0,0,101.3,AUSTIN_31_1_to_AUSTIN_39_2,0.012305837,10000,12060,0.95,0,0,60,69,6.107313468,0.04141,0.01637,0.781975784
AUSTIN_1_1,z51,51,0,0,0,0,-1,0,0,0,0,0,0,0,0,0,0,0,0,0,0,0,0,0,0,0,0,0,0,0,0,0,0,0,0,0,0,0,0,0,0,0,0,0,0,0,0,0,0,0,0,0,0,1,0,0,0,0,0,0,0,0,0,0,0,0,0,0,0,0,0,0,0,0,0,0,0,0,0,0,0,0,0,0,0,0,117.8,AUSTIN_31_1_to_AREA_5,0.012305837,10000,12060,0.95,0,0,60,69,0.5,0.05873,0.01984,0.1
AUSTIN_31_1,z52,52,0,0,0,0,0,0,0,0,0,0,0,0,0,0,0,0,0,0,0,0,0,0,0,0,0,0,0,0,0,0,0,0,0,0,0,0,0,0,0,0,0,0,0,0,0,0,0,0,0,0,0,0,0,1,-1,0,0,0,0,0,0,0,0,0,0,0,0,0,0,0,0,0,0,0,0,0,0,0,0,0,0,0,0,0,121.1,AUSTIN_32_1_to_AUSTIN_37_1,0.012305837,10000,12060,0.95,0,0,60,69,0.791945759,0.01983,0.00747,0.351852998
AUSTIN_39_2,z53,53,0,0,0,0,0,0,0,0,0,0,0,0,0,0,0,0,0,0,0,0,0,0,0,0,0,0,0,0,0,0,0,0,0,0,0,0,0,0,0,0,0,0,0,0,0,-1,0,0,0,0,0,0,0,0,0,1,0,0,0,0,0,0,0,0,0,0,0,0,0,0,0,0,0,0,0,0,0,0,0,0,0,0,0,0,133.8,AUSTIN_34_1_to_AUSTIN_29_2,0.012305837,10000,12060,0.95,0,0,60,69,1.313923299,0.01759,0.00721,0.348361251
AUSTIN_32_1,z54,54,0,0,0,0,-1,0,0,0,0,1,0,0,0,0,0,0,0,0,0,0,0,0,0,0,0,0,0,0,0,0,0,0,0,0,0,0,0,0,0,0,0,0,0,0,0,0,0,0,0,0,0,0,0,0,0,0,0,0,0,0,0,0,0,0,0,0,0,0,0,0,0,0,0,0,0,0,0,0,0,0,0,0,0,0,139.5,AUSTIN_35_1_to_AREA_5,0.012305837,10000,12060,0.95,0,0,60,69,0.5,0.02376,0.00736,0.1
AUSTIN_37_1,z55,55,0,0,0,0,0,0,0,0,0,0,0,0,0,0,0,0,0,0,0,0,0,0,0,0,0,0,0,0,0,0,0,0,0,0,0,0,0,0,0,0,0,0,0,0,0,0,0,0,0,0,0,0,0,0,0,0,1,-1,0,0,0,0,0,0,0,0,0,0,0,0,0,0,0,0,0,0,0,0,0,0,0,0,0,0,118.7,AUSTIN_36_1_to_AUSTIN_41_1,0.012305837,10000,12060,0.95,0,0,60,69,1.416306155,0.02847,0.01077,0.511704998
AUSTIN_34_1,z56,56,0,0,0,0,0,0,0,0,0,0,0,0,0,0,0,0,0,0,0,0,0,0,0,0,0,0,0,0,0,0,0,0,0,0,0,0,0,0,0,0,0,0,0,0,0,0,0,0,0,0,0,0,0,0,0,0,1,0,-1,0,0,0,0,0,0,0,0,0,0,0,0,0,0,0,0,0,0,0,0,0,0,0,0,0,103.4,AUSTIN_36_1_to_AUSTIN_44_1,0.012305837,10000,12060,0.95,0,0,60,69,2.610918657,0.03135,0.01365,0.648539761
AUSTIN_36_1,z57,57,0,0,0,0,0,0,0,0,0,0,0,0,0,0,0,0,0,0,0,0,0,0,0,0,0,0,0,0,0,0,0,0,0,0,0,0,0,0,0,0,0,0,0,0,0,0,0,0,0,0,0,0,0,0,1,0,0,-1,0,0,0,0,0,0,0,0,0,0,0,0,0,0,0,0,0,0,0,0,0,0,0,0,0,0,128.7,AUSTIN_37_1_to_AUSTIN_41_1,0.012305837,10000,12060,0.95,0,0,60,69,3.419318502,0.01342,0.00432,0.203392316
AUSTIN_41_1,z58,58,0,0,0,0,-1,0,0,0,0,0,0,0,0,0,0,0,0,0,0,0,0,0,0,0,0,0,0,0,0,0,0,0,0,0,0,0,0,0,0,0,0,0,0,1,0,0,0,0,0,0,0,0,0,0,0,0,0,0,0,0,0,0,0,0,0,0,0,0,0,0,0,0,0,0,0,0,0,0,0,0,0,0,0,0,325.6,AUSTIN_39_1_to_AREA_5,0.012305837,10000,12060,0.95,0,0,60,69,0.5,0.02782,0.00492,0.1
AUSTIN_44_1,z59,59,0,0,0,0,0,0,0,0,0,0,0,0,0,0,0,0,0,0,0,0,0,0,0,0,0,0,0,0,0,0,0,0,0,0,0,0,0,0,0,0,0,0,0,1,-1,0,0,0,0,0,0,0,0,0,0,0,0,0,0,0,0,0,0,0,0,0,0,0,0,0,0,0,0,0,0,0,0,0,0,0,0,0,0,0,280.9,AUSTIN_39_1_to_AUSTIN_42_1,0.012305837,10000,12060,0.95,0,0,60,69,3.626048398,0.022,0.00419,0.815302646
AUSTIN_38_1,z60,60,0,0,0,0,0,0,0,0,0,0,0,0,0,0,0,0,0,0,0,0,0,0,0,0,0,0,0,0,0,0,0,0,0,0,0,0,0,0,0,0,0,0,0,0,0,0,0,0,0,0,0,0,1,0,0,0,0,0,0,-1,0,0,0,0,0,0,0,0,0,0,0,0,0,0,0,0,0,0,0,0,0,0,0,0,100.9,AUSTIN_39_2_to_AUSTIN_38_1,0.012305837,10000,12060,0.95,0,0,60,69,1.092477824,0.02166,0.00919,0.438830441
AUSTIN_40_1,z61,61,0,0,0,0,0,0,0,0,0,0,0,0,0,0,0,0,0,0,0,0,0,0,0,0,0,0,0,0,0,1,0,0,0,0,0,0,0,0,0,0,0,0,0,0,0,0,-1,0,0,0,0,0,0,0,0,0,0,0,0,0,0,0,0,0,0,0,0,0,0,0,0,0,0,0,0,0,0,0,0,0,0,0,0,0,111.9,AUSTIN_4_1_to_AUSTIN_3_1,0.012305837,10000,12060,0.95,0,0,60,69,0.704365265,0.015,0.00719,0.36980529
AUSTIN_42_2,z62,62,0,0,0,0,0,0,0,0,0,0,0,0,0,0,0,0,0,0,0,0,0,0,0,0,0,0,0,0,0,1,0,0,0,0,0,0,0,0,0,0,0,0,0,0,0,0,0,-1,0,0,0,0,0,0,0,0,0,0,0,0,0,0,0,0,0,0,0,0,0,0,0,0,0,0,0,0,0,0,0,0,0,0,0,0,139.5,AUSTIN_4_1_to_AUSTIN_8_1,0.012305837,10000,12060,0.95,0,0,60,69,1.208601401,0.01681,0.00747,0.384206608
AUSTIN_43_1,z63,63,0,0,0,0,0,0,0,0,0,0,0,0,0,0,0,0,0,0,0,-1,0,0,0,0,0,0,0,0,0,0,0,0,0,0,0,0,0,0,0,0,0,0,0,0,0,0,0,0,0,0,0,0,0,0,0,0,0,0,0,0,1,0,0,0,0,0,0,0,0,0,0,0,0,0,0,0,0,0,0,0,0,0,0,0,119.6,AUSTIN_40_1_to_AUSTIN_13_2,0.012305837,10000,12060,0.95,0,0,60,69,3.227329302,0.02547,0.0085,0.412653323
AUSTIN_45_1,z64,64,0,0,0,0,0,0,0,0,0,0,0,0,0,0,0,0,0,0,0,0,0,0,0,0,0,0,0,0,0,0,0,0,0,0,0,0,0,0,0,0,0,0,0,0,0,0,0,0,0,0,0,0,0,0,0,0,0,1,0,0,0,-1,0,0,0,0,0,0,0,0,0,0,0,0,0,0,0,0,0,0,0,0,0,0,157.7,AUSTIN_41_1_to_AUSTIN_42_2,0.012305837,10000,12060,0.95,0,0,60,69,2.106142685,0.0174,0.00654,0.308685698
AUSTIN_45_2,z65,65,0,0,0,0,-1,0,0,0,0,0,0,0,0,0,0,0,0,0,0,0,0,0,0,0,0,0,0,0,0,0,0,0,0,0,0,0,0,0,0,0,0,0,0,0,1,0,0,0,0,0,0,0,0,0,0,0,0,0,0,0,0,0,0,0,0,0,0,0,0,0,0,0,0,0,0,0,0,0,0,0,0,0,0,0,336.4,AUSTIN_42_1_to_AREA_5,0.012305837,10000,12060,0.95,0,0,60,69,0.5,0.00934,0.00189,0.1
AUSTIN_46_1,z66,66,0,0,0,0,-1,0,0,0,0,0,0,0,0,0,0,0,0,0,0,0,0,0,0,0,0,0,0,0,0,0,0,0,0,0,0,0,0,0,0,0,0,0,0,0,1,0,0,0,0,0,0,0,0,0,0,0,0,0,0,0,0,0,0,0,0,0,0,0,0,0,0,0,0,0,0,0,0,0,0,0,0,0,0,0,284,AUSTIN_42_1_to_AREA_5,0.012305837,10000,12060,0.95,0,0,60,69,0.5,0.01467,0.00229,0.1
AUSTIN_33_1,z67,67,0,0,0,0,0,0,0,0,0,0,0,0,0,0,0,0,0,0,0,0,0,0,0,0,0,0,0,0,0,0,0,0,0,0,0,0,0,0,0,0,0,0,0,0,0,0,0,0,0,0,0,0,0,0,0,0,0,0,0,0,0,-1,1,0,0,0,0,0,0,0,0,0,0,0,0,0,0,0,0,0,0,0,0,0,168,AUSTIN_43_1_to_AUSTIN_42_2,0.012305837,10000,12060,0.95,0,0,60,69,0.842522795,0.01354,0.00615,0.293922856
AUSTIN_51_1,z68,68,0,0,0,0,0,0,0,0,0,0,0,0,0,0,0,0,0,0,0,0,0,0,0,0,0,0,0,0,0,0,0,0,0,0,0,0,0,0,0,0,0,0,0,0,0,0,0,0,0,0,0,0,0,0,0,0,0,0,1,0,-1,0,0,0,0,0,0,0,0,0,0,0,0,0,0,0,0,0,0,0,0,0,0,0,110.3,AUSTIN_44_1_to_AUSTIN_40_1,0.012305837,10000,12060,0.95,0,0,60,69,2.410943347,0.03997,0.01886,0.908417852
AUSTIN_5_1,z69,69,0,0,0,0,0,0,0,0,0,0,0,0,0,0,0,0,0,0,0,0,0,0,0,0,0,0,0,0,0,0,0,0,0,0,0,0,0,0,0,0,0,0,0,0,-1,0,0,0,0,0,0,0,0,0,0,0,0,0,0,0,0,0,0,1,0,0,0,0,0,0,0,0,0,0,0,0,0,0,0,0,0,0,0,0,278.4,AUSTIN_45_1_to_AUSTIN_42_1,0.012305837,10000,12060,0.95,0,0,60,69,2.689596892,0.01421,0.00287,0.552782695
AUSTIN_50_1,z70,70,0,0,0,0,0,0,0,0,0,-1,0,0,0,0,0,0,0,0,0,0,0,0,0,0,0,0,0,0,0,0,0,0,0,0,0,0,0,0,0,0,0,0,0,0,0,0,0,0,0,0,0,0,0,0,0,0,0,0,0,0,0,0,0,0,1,0,0,0,0,0,0,0,0,0,0,0,0,0,0,0,0,0,0,0,122.8,AUSTIN_45_2_to_AUSTIN_35_1,0.012305837,10000,12060,0.95,0,0,60,69,1.321933178,0.00693,0.00269,0.128963377
AUSTIN_54_2,z71,71,0,0,0,0,0,0,0,0,0,0,0,0,0,0,0,0,0,0,0,0,0,0,0,0,0,0,0,0,0,0,0,0,0,0,0,0,0,0,0,0,0,0,0,0,0,0,0,0,0,0,0,0,0,0,0,-1,0,0,0,0,0,0,0,0,1,0,0,0,0,0,0,0,0,0,0,0,0,0,0,0,0,0,0,0,128.2,AUSTIN_45_2_to_AUSTIN_34_1,0.012305837,10000,12060,0.95,0,0,60,69,0.868060172,0.01527,0.00772,0.370110511
AUSTIN_52_1,z72,72,0,0,0,0,0,0,0,0,0,0,0,0,0,0,0,0,0,0,0,0,0,0,0,0,0,0,0,0,0,0,0,0,0,0,0,0,0,0,0,0,0,0,0,0,0,0,0,0,0,0,0,0,0,0,0,0,0,0,0,0,0,-1,0,0,0,1,0,0,0,0,0,0,0,0,0,0,0,0,0,0,0,0,0,0,144,AUSTIN_46_1_to_AUSTIN_42_2,0.012305837,10000,12060,0.95,0,0,60,69,1.428599807,0.01381,0.00489,0.231445031
AUSTIN_53_1,z73,73,0,0,0,0,0,0,0,0,0,0,0,0,0,0,0,0,0,0,0,0,0,0,0,0,0,0,0,0,0,0,0,0,0,0,0,0,0,0,0,0,0,0,0,0,0,0,0,0,0,0,0,0,0,0,0,0,0,0,0,0,0,0,0,0,0,1,-1,0,0,0,0,0,0,0,0,0,0,0,0,0,0,0,0,0,119.2,AUSTIN_46_1_to_AUSTIN_33_1,0.012305837,10000,12060,0.95,0,0,60,69,1.035527777,0.01499,0.00623,0.294867595
AUSTIN_53_2,z74,74,0,0,0,0,0,0,0,0,0,0,0,0,0,0,0,0,0,0,0,0,0,0,0,0,0,0,0,0,0,0,0,0,0,0,0,0,0,0,0,1,0,0,0,0,0,0,0,0,0,0,0,0,0,0,0,0,0,0,0,-1,0,0,0,0,0,0,0,0,0,0,0,0,0,0,0,0,0,0,0,0,0,0,0,0,121.4,AUSTIN_47_1_to_AUSTIN_38_1,0.012305837,10000,12060,0.95,0,0,60,69,1.423595943,0.01101,0.00426,0.203984272
AUSTIN_25_1,z75,75,0,0,0,0,0,0,0,0,0,0,0,0,0,0,0,0,0,0,0,0,0,0,0,0,0,0,0,0,0,0,0,0,0,0,0,0,0,0,0,1,0,0,0,0,0,0,0,0,0,0,0,0,0,0,0,0,0,0,0,0,0,0,0,0,0,0,-1,0,0,0,0,0,0,0,0,0,0,0,0,0,0,0,0,0,126.2,AUSTIN_47_1_to_AUSTIN_33_1,0.012305837,10000,12060,0.95,0,0,60,69,1.206321157,0.01447,0.00602,0.288259465
AUSTIN_7_1,z76,76,0,0,0,0,-1,0,0,0,0,0,0,0,0,0,0,0,0,0,0,0,0,0,0,0,0,0,0,0,0,0,0,0,0,0,0,0,0,1,0,0,0,0,0,0,0,0,0,0,0,0,0,0,0,0,0,0,0,0,0,0,0,0,0,0,0,0,0,0,0,0,0,0,0,0,0,0,0,0,0,0,0,0,0,0,142.6,AUSTIN_49_1_to_AREA_5,0.012305837,10000,12060,0.95,0,0,60,69,0.5,0.01956,0.00795,0.1
AUSTIN_58_1,z77,77,0,0,0,0,0,0,0,0,0,0,0,0,0,0,0,0,0,0,0,0,0,0,0,0,0,0,0,0,0,0,0,0,0,0,0,0,0,1,0,0,0,0,0,0,0,0,0,0,0,0,0,0,0,0,0,0,0,0,0,0,0,0,0,0,0,0,0,-1,0,0,0,0,0,0,0,0,0,0,0,0,0,0,0,0,112.4,AUSTIN_49_1_to_AUSTIN_51_1,0.012305837,10000,12060,0.95,0,0,60,69,1.795760247,0.04131,0.01754,0.883743134
AUSTIN_59_1,z78,78,0,0,0,0,0,0,0,0,0,0,0,0,0,0,0,0,0,0,0,0,0,0,0,0,0,0,0,0,0,0,0,0,0,0,0,0,0,0,0,0,0,0,0,0,0,0,0,0,0,0,-1,0,0,0,0,0,0,0,0,0,0,0,0,0,0,0,0,0,1,0,0,0,0,0,0,0,0,0,0,0,0,0,0,0,116.4,AUSTIN_5_1_to_AUSTIN_1_1,0.012305837,10000,12060,0.95,0,0,60,69,1.45479214,0.02168,0.00756,0.360630937
AUSTIN_7_2,z79,79,0,0,0,0,0,0,0,0,0,0,0,0,0,0,0,0,0,0,0,0,0,0,0,0,0,0,0,0,0,0,0,0,-1,0,0,0,0,0,0,0,0,0,0,0,0,0,0,0,0,0,0,0,0,0,0,0,0,0,0,0,0,0,0,0,0,0,0,0,1,0,0,0,0,0,0,0,0,0,0,0,0,0,0,0,134.9,AUSTIN_5_1_to_AUSTIN_25_2,0.012305837,10000,12060,0.95,0,0,60,69,1.163040027,0.01627,0.00702,0.334871584
AUSTIN_9_1,z80,80,0,0,0,0,0,0,0,0,0,0,0,0,0,0,0,0,0,0,0,0,0,0,0,0,0,0,0,0,0,0,0,0,0,0,0,0,0,0,0,0,0,0,0,0,0,0,0,0,0,0,0,0,0,0,0,0,0,0,0,0,0,0,0,0,0,0,0,0,0,1,-1,0,0,0,0,0,0,0,0,0,0,0,0,0,138.1,AUSTIN_50_1_to_AUSTIN_54_2,0.012305837,10000,12060,0.95,0,0,60,69,1.175481686,0.01686,0.00622,0.318213252
AUSTIN_27_1,z81,81,0,0,0,0,-1,0,0,0,0,0,0,0,0,0,0,0,0,0,0,0,0,0,0,0,0,0,0,0,0,0,0,0,0,0,0,0,0,0,0,0,0,0,0,0,0,0,0,0,0,0,0,0,0,0,0,0,0,0,0,0,0,0,0,0,0,0,0,1,0,0,0,0,0,0,0,0,0,0,0,0,0,0,0,0,136.1,AUSTIN_51_1_to_AREA_5,0.012305837,10000,12060,0.95,0,0,60,69,0.5,0.01172,0.00451,0.1
AUSTIN_55_2,z82,82,0,0,0,0,0,0,0,0,0,0,0,0,0,0,0,0,0,0,0,0,0,0,0,0,0,0,0,0,0,0,0,0,0,0,0,0,0,0,0,0,0,0,0,0,0,0,0,0,0,0,0,0,0,0,0,0,0,0,0,0,0,0,0,0,0,0,0,-1,0,0,0,1,0,0,0,0,0,0,0,0,0,0,0,0,126.3,AUSTIN_52_1_to_AUSTIN_51_1,0.012305837,10000,12060,0.95,0,0,60,69,2.120550952,0.02868,0.01068,0.534835898
AUSTIN_56_2,z83,83,0,0,0,0,0,0,0,0,0,0,0,0,0,0,0,0,0,0,0,0,0,0,0,0,0,0,0,0,0,0,0,0,0,0,0,0,0,0,0,0,0,0,0,0,0,0,0,0,0,0,0,0,0,0,0,0,0,0,0,0,0,0,0,0,0,0,0,0,0,-1,0,1,0,0,0,0,0,0,0,0,0,0,0,0,119.8,AUSTIN_52_1_to_AUSTIN_50_1,0.012305837,10000,12060,0.95,0,0,60,69,1.37188953,0.02281,0.00985,0.493270935
AUSTIN_56_3,z84,84,0,0,0,0,0,0,0,0,0,0,0,0,0,0,0,0,0,0,0,0,0,0,0,0,0,0,0,0,0,0,0,0,0,0,0,0,0,0,0,0,0,-1,0,0,0,0,0,0,0,0,0,0,0,0,0,0,0,0,0,0,0,0,0,0,0,0,0,0,0,0,0,0,1,0,0,0,0,0,0,0,0,0,0,0,310.2,AUSTIN_53_1_to_AUSTIN_26_1,0.012305837,10000,12060,0.95,0,0,60,69,2.492491934,0.01054,0.00167,0.332526223
,,85,0,0,0,0,-1,0,0,0,0,0,0,0,0,0,0,0,0,0,0,0,0,0,0,0,0,0,0,0,0,0,0,0,0,0,0,0,0,0,0,0,0,0,0,0,0,0,0,0,0,0,0,0,0,0,0,0,0,0,0,0,0,0,0,0,0,0,0,0,0,0,0,0,1,0,0,0,0,0,0,0,0,0,0,0,328.2,AUSTIN_53_1_to_AREA_5,0.012305837,10000,12060,0.95,0,0,60,69,0.5,0.02796,0.00429,0.1
,,86,0,0,0,0,0,0,0,0,0,0,0,0,0,0,0,0,0,0,0,0,0,0,0,0,0,0,-1,0,0,0,0,0,0,0,0,0,0,0,0,0,0,0,0,0,0,0,0,0,0,0,0,0,0,0,0,0,0,0,0,0,0,0,0,0,0,0,0,0,0,0,0,0,0,1,0,0,0,0,0,0,0,0,0,0,150,AUSTIN_53_2_to_AUSTIN_18_1,0.012305837,10000,12060,0.95,0,0,60,69,1.631498098,0.00646,0.0019,0.094520497
,,87,0,0,0,0,0,0,0,0,0,0,0,0,0,0,0,0,0,0,0,0,0,0,0,0,0,0,0,0,0,0,0,0,0,0,0,0,0,0,0,0,0,0,0,0,0,0,0,0,0,0,0,0,0,0,0,0,0,0,0,0,0,0,0,0,0,0,0,0,0,-1,0,0,0,1,0,0,0,0,0,0,0,0,0,0,155.1,AUSTIN_53_2_to_AUSTIN_50_1,0.012305837,10000,12060,0.95,0,0,60,69,1.846913413,0.02165,0.00884,0.439769051
,,88,0,0,0,0,0,0,0,0,0,0,0,0,0,0,0,1,0,0,0,0,0,0,0,0,0,0,0,0,0,0,-1,0,0,0,0,0,0,0,0,0,0,0,0,0,0,0,0,0,0,0,0,0,0,0,0,0,0,0,0,0,0,0,0,0,0,0,0,0,0,0,0,0,0,0,0,0,0,0,0,0,0,0,0,0,131.5,AUSTIN_55_1_to_AUSTIN_17_1,0.012305837,10000,12060,0.95,0,0,60,69,1.029934498,0.01089,0.00609,0.303332585
,,89,0,0,0,0,0,0,0,0,0,0,0,0,0,0,0,0,0,0,0,0,0,0,0,0,0,1,0,0,0,0,0,0,0,0,0,0,0,0,0,0,0,0,0,0,0,0,0,0,0,0,0,0,0,0,0,0,0,0,0,0,0,0,0,0,0,0,0,0,0,0,0,0,0,0,-1,0,0,0,0,0,0,0,0,0,288,AUSTIN_56_1_to_AUSTIN_25_1,0.012305837,10000,12060,0.95,0,0,60,69,1.29456744,0.00672,0.00129,0.255349311
,,90,0,0,0,0,0,0,0,0,0,0,0,0,0,0,0,0,0,0,0,0,0,0,0,0,0,1,0,0,0,0,0,0,0,0,0,0,0,0,0,0,0,0,0,0,0,0,0,0,0,0,0,0,0,0,0,0,0,0,0,0,0,0,0,0,0,0,0,0,0,0,0,0,0,0,0,-1,0,0,0,0,0,0,0,0,295.5,AUSTIN_56_1_to_AUSTIN_7_1,0.012305837,10000,12060,0.95,0,0,60,69,2.494024093,0.00793,0.00166,0.328589036
,,91,0,0,0,0,0,0,0,0,0,0,0,0,0,0,0,0,0,0,0,0,0,0,0,0,0,0,0,0,0,0,0,0,0,0,0,-1,0,0,0,0,0,0,0,0,0,0,0,0,0,1,0,0,0,0,0,0,0,0,0,0,0,0,0,0,0,0,0,0,0,0,0,0,0,0,0,0,0,0,0,0,0,0,0,0,133.6,AUSTIN_57_1_to_AUSTIN_16_2,0.012305837,10000,12060,0.95,0,0,60,69,1.012438513,0.014,0.00547,0.260902479
,,92,0,0,0,0,0,0,0,0,0,0,0,0,0,0,0,0,0,0,0,0,-1,0,0,0,0,0,0,0,0,0,0,0,0,0,0,0,0,0,0,0,0,0,0,0,0,0,0,0,0,0,0,0,0,0,0,0,0,0,0,0,0,0,0,0,0,0,0,0,0,0,0,0,0,0,0,0,1,0,0,0,0,0,0,0,127.8,AUSTIN_58_1_to_AUSTIN_14_1,0.012305837,10000,12060,0.95,0,0,60,69,0.658991894,0.01472,0.00507,0.254952736
,,93,0,0,0,0,0,0,0,0,0,0,0,0,0,0,0,0,0,0,0,0,0,0,0,0,0,0,0,0,0,0,0,0,0,0,0,0,0,0,0,0,0,0,0,0,0,0,0,0,0,0,0,0,0,0,0,0,0,0,0,0,0,0,0,0,0,0,0,0,0,0,0,0,0,0,0,0,-1,1,0,0,0,0,0,0,198.5,AUSTIN_59_1_to_AUSTIN_58_1,0.012305837,10000,12060,0.95,0,0,60,69,0.073062527,0.00251,0.00102,0.051326991
,,94,0,0,0,0,0,0,0,0,0,0,0,0,0,0,0,0,0,0,0,0,0,0,0,0,0,0,0,1,0,0,0,0,0,0,0,0,-1,0,0,0,0,0,0,0,0,0,0,0,0,0,0,0,0,0,0,0,0,0,0,0,0,0,0,0,0,0,0,0,0,0,0,0,0,0,0,0,0,0,0,0,0,0,0,0,96.1,AUSTIN_6_1_to_AUSTIN_22_1,0.012305837,10000,12060,0.95,0,0,60,69,1.384775204,0.02244,0.00771,0.374870488
,,95,0,0,0,0,-1,0,0,0,0,0,0,0,0,0,0,0,0,0,0,0,0,0,0,0,0,0,0,0,0,0,0,0,0,0,0,0,0,0,0,0,0,0,0,0,0,0,0,0,0,0,0,0,0,0,0,0,0,0,0,0,0,0,0,0,0,0,0,0,0,0,0,0,0,0,0,1,0,0,0,0,0,0,0,0,329.4,AUSTIN_7_1_to_AREA_5,0.012305837,10000,12060,0.95,0,0,60,69,0.5,0.00925,0.00251,0.1
,,96,0,0,0,0,0,0,0,0,0,0,0,0,0,0,0,0,0,0,0,0,0,0,0,0,0,0,0,0,0,0,0,0,0,0,0,0,0,0,0,0,0,0,0,0,0,0,0,0,0,0,0,0,0,0,0,0,0,0,0,0,0,0,0,0,0,0,0,0,0,0,0,0,0,0,0,0,-1,0,1,0,0,0,0,0,145.7,AUSTIN_7_2_to_AUSTIN_58_1,0.012305837,10000,12060,0.95,0,0,60,69,0.941802876,0.01433,0.00559,0.280887717
,,97,0,0,0,0,0,0,0,0,0,0,0,0,0,0,0,0,0,0,0,0,0,0,0,0,0,0,0,0,0,0,0,0,0,0,0,0,0,0,0,0,0,0,0,0,0,0,0,1,0,0,0,0,0,0,0,0,0,0,0,0,0,0,0,0,0,0,0,0,0,0,0,0,0,0,0,0,0,-1,0,0,0,0,0,0,198,AUSTIN_8_1_to_AUSTIN_59_1,0.012305837,10000,12060,0.95,0,0,60,69,3.831273464,0.01126,0.00477,0.240665721
,,98,0,0,0,0,0,0,0,0,0,0,0,0,0,0,0,0,0,0,0,0,0,0,0,0,0,0,0,0,0,0,0,0,0,0,0,0,0,0,0,0,0,0,0,0,0,0,0,1,0,0,0,0,0,0,0,0,0,0,0,0,0,0,0,0,0,0,0,0,0,0,0,0,0,0,0,0,0,0,0,-1,0,0,0,0,139.1,AUSTIN_8_1_to_AUSTIN_9_1,0.012305837,10000,12060,0.95,0,0,60,69,2.335867958,0.01844,0.00616,0.310796822
,,99,0,0,0,0,0,0,0,0,0,0,0,0,0,0,0,1,0,0,0,0,0,0,0,0,0,0,0,0,0,0,0,0,0,0,0,0,0,0,0,0,0,0,0,0,0,0,0,0,0,0,0,0,0,0,0,0,0,0,0,0,0,0,0,0,0,0,0,0,0,0,0,0,0,0,0,0,0,0,0,0,-1,0,0,0,193.1,AUSTIN_55_1_to_AUSTIN_55_2,0.012305837,10000,12060,0.95,0,0,60,69,0,0.01164,0.00413,0.205708305
,,100,0,0,0,0,0,0,0,0,0,0,0,0,0,0,0,0,0,0,0,0,0,0,0,0,0,1,0,0,0,0,0,0,0,0,0,0,0,0,0,0,0,0,0,0,0,0,0,0,0,0,0,0,0,0,0,0,0,0,0,0,0,0,0,0,0,0,0,0,0,0,0,0,0,0,0,0,0,0,0,0,0,-1,0,0,193.1,AUSTIN_56_1_to_AUSTIN_55_2,0.012305837,10000,12060,0.95,0,0,60,69,0,0.01164,0.00413,0.817513686
,,101,0,0,0,0,0,0,0,0,0,0,0,0,0,0,0,0,0,0,0,0,0,0,0,0,0,1,0,0,0,0,0,0,0,0,0,0,0,0,0,0,0,0,0,0,0,0,0,0,0,0,0,0,0,0,0,0,0,0,0,0,0,0,0,0,0,0,0,0,0,0,0,0,0,0,0,0,0,0,0,0,0,0,-1,0,193.1,AUSTIN_56_1_to_AUSTIN_56_2,0.012305837,10000,12060,0.95,0,0,60,69,0,0.01164,0.00413,0.817513686
,,102,0,0,0,0,0,0,0,0,0,0,0,0,0,0,0,0,0,0,0,0,0,0,0,0,0,0,0,0,0,0,0,0,0,0,0,0,0,0,0,0,0,0,0,0,0,0,0,0,0,0,0,0,0,0,0,-1,0,0,0,0,0,0,0,0,0,0,0,0,0,0,0,0,0,0,0,0,0,0,0,1,0,0,0,0,157.1,AUSTIN_9_1_to_AUSTIN_34_1,0.012305837,10000,12060,0.95,0,0,60,69,1.376946436,0.02389,0.00872,0.430129198
,,103,0,0,0,0,1,0,0,0,0,0,0,0,0,0,0,0,0,0,0,0,0,0,0,0,0,0,0,0,0,0,0,0,0,0,0,0,0,0,0,0,0,0,-1,0,0,0,0,0,0,0,0,0,0,0,0,0,0,0,0,0,0,0,0,0,0,0,0,0,0,0,0,0,0,0,0,0,0,0,0,0,0,0,0,0,282.4,AREA_5_to_AUSTIN_54_1,0.012305837,10000,12060,0.95,0,0,60,69,0.5,0.07269,0.01342,0.1
,,104,0,0,0,0,1,0,0,0,0,0,0,0,0,0,0,0,0,0,0,0,0,0,0,0,0,0,0,0,0,0,0,0,0,0,0,0,0,0,0,0,0,0,0,0,0,0,0,0,0,0,0,0,0,0,0,0,0,0,-1,0,0,0,0,0,0,0,0,0,0,0,0,0,0,0,0,0,0,0,0,0,0,0,0,0,99.4,AREA_5_to_AUSTIN_44_1,0.012305837,10000,12060,0.95,0,0,60,69,0.5,0.04151,0.014,0.1
,,105,0,0,0,0,1,0,0,0,0,0,0,0,0,0,0,0,0,0,0,0,0,0,0,0,0,0,0,0,0,0,0,0,0,0,0,0,0,0,0,0,0,0,0,0,0,0,0,0,0,0,0,0,0,0,0,0,0,0,0,0,0,0,-1,0,0,0,0,0,0,0,0,0,0,0,0,0,0,0,0,0,0,0,0,0,146.3,AREA_5_to_AUSTIN_43_1,0.012305837,10000,12060,0.95,0,0,60,69,0.5,0.02691,0.01036,0.1
,,106,0,0,0,0,1,0,0,0,0,0,0,0,0,0,0,0,0,-1,0,0,0,0,0,0,0,0,0,0,0,0,0,0,0,0,0,0,0,0,0,0,0,0,0,0,0,0,0,0,0,0,0,0,0,0,0,0,0,0,0,0,0,0,0,0,0,0,0,0,0,0,0,0,0,0,0,0,0,0,0,0,0,0,0,0,325.8,AREA_5_to_AUSTIN_13_1,0.012305837,10000,12060,0.95,0,0,60,69,0.5,0.01712,0.0036,0.1
,,107,0,0,0,0,1,0,0,0,0,0,0,0,0,0,0,0,0,0,0,0,0,0,0,0,0,0,0,0,0,0,0,0,0,0,0,0,0,0,0,0,0,0,0,0,0,0,0,0,0,0,0,0,0,0,0,0,0,0,0,0,0,0,0,0,0,0,0,0,0,0,0,0,0,0,0,0,0,0,0,0,0,0,0,-1,306.3,AREA_5_to_AUSTIN_27_1,0.012305837,10000,12060,0.95,0,0,60,69,0.5,0.02458,0.00418,0.1
,,108,0,0,0,0,1,0,0,0,0,0,0,0,0,0,0,0,0,0,0,0,0,0,0,0,0,0,0,0,0,0,0,0,0,-1,0,0,0,0,0,0,0,0,0,0,0,0,0,0,0,0,0,0,0,0,0,0,0,0,0,0,0,0,0,0,0,0,0,0,0,0,0,0,0,0,0,0,0,0,0,0,0,0,0,0,135.6,AREA_5_to_AUSTIN_20_1,0.012305837,10000,12060,0.95,0,0,60,69,0.5,0.04849,0.01618,0.1
,,109,0,0,0,0,1,0,0,0,0,0,0,0,0,0,0,0,0,0,0,0,0,0,0,0,0,0,0,0,0,0,0,0,0,0,0,0,0,0,0,0,0,0,0,0,0,0,0,0,0,0,0,0,0,0,0,0,0,0,0,0,0,0,0,0,0,0,0,0,0,0,0,0,-1,0,0,0,0,0,0,0,0,0,0,0,324.7,AREA_5_to_AUSTIN_53_1,0.012305837,10000,12060,0.95,0,0,60,69,0.5,0.01292,0.00249,0.1
,,110,0,0,0,0,1,0,0,0,0,0,0,0,0,0,0,0,0,0,-1,0,0,0,0,0,0,0,0,0,0,0,0,0,0,0,0,0,0,0,0,0,0,0,0,0,0,0,0,0,0,0,0,0,0,0,0,0,0,0,0,0,0,0,0,0,0,0,0,0,0,0,0,0,0,0,0,0,0,0,0,0,0,0,0,0,297.1,AREA_5_to_AUSTIN_12_1,0.012305837,10000,12060,0.95,0,0,60,69,0.5,0.01629,0.00305,0.1
,,111,0,0,0,0,1,0,0,0,0,0,0,-1,0,0,0,0,0,0,0,0,0,0,0,0,0,0,0,0,0,0,0,0,0,0,0,0,0,0,0,0,0,0,0,0,0,0,0,0,0,0,0,0,0,0,0,0,0,0,0,0,0,0,0,0,0,0,0,0,0,0,0,0,0,0,0,0,0,0,0,0,0,0,0,0,115.3,AREA_5_to_AUSTIN_60_1,0.012305837,10000,12060,0.95,0,0,60,69,0.5,0.08675,0.03705,0.1
,,112,0,0,0,0,1,0,0,0,0,0,0,0,0,0,0,0,0,0,0,0,0,0,0,0,0,0,0,0,0,0,0,0,0,0,0,0,0,0,0,0,0,0,0,0,0,0,0,0,0,0,0,0,0,-1,0,0,0,0,0,0,0,0,0,0,0,0,0,0,0,0,0,0,0,0,0,0,0,0,0,0,0,0,0,0,135.4,AREA_5_to_AUSTIN_32_1,0.012305837,10000,12060,0.95,0,0,60,69,0.5,0.01749,0.00644,0.1
,,113,0,0,0,0,1,0,0,0,0,0,0,0,0,0,0,0,0,0,0,0,0,0,0,0,0,0,0,0,0,0,0,0,0,0,0,0,0,0,0,0,0,0,0,0,0,0,0,0,0,0,0,0,0,0,0,0,0,0,0,0,0,0,-1,0,0,0,0,0,0,0,0,0,0,0,0,0,0,0,0,0,0,0,0,0,141.6,AREA_5_to_AUSTIN_43_1,0.012305837,10000,12060,0.95,0,0,60,69,0.5,0.02184,0.00812,0.1
,,114,0,0,0,0,1,0,0,0,0,0,0,0,0,0,0,0,0,0,0,0,0,0,0,0,0,0,0,0,0,0,0,0,0,0,0,0,0,0,0,0,0,0,0,0,0,0,0,0,0,0,0,0,0,0,0,0,0,0,0,0,0,0,-1,0,0,0,0,0,0,0,0,0,0,0,0,0,0,0,0,0,0,0,0,0,193.1,AREA_5_to_AUSTIN_43_1,0.012305837,10000,12060,0.95,0,0,60,69,0.5,0.01164,0.00413,0.1
,,115,0,0,0,0,1,0,0,0,0,0,0,0,0,0,0,0,0,0,0,0,0,0,0,0,0,0,0,0,0,0,0,0,0,0,0,0,0,0,0,0,0,0,0,0,0,0,0,0,0,0,0,0,0,0,0,0,0,0,0,0,0,0,-1,0,0,0,0,0,0,0,0,0,0,0,0,0,0,0,0,0,0,0,0,0,193.1,AREA_5_to_AUSTIN_43_1,0.012305837,10000,12060,0.95,0,0,60,69,0.5,0.01164,0.00413,0.1